Name of Product,Code,Price in Store,Category
menage a trois decadence cabernet sauvignon,99988071416,43.989,wine
"Folie A Deux Napa Valley Cabernet Sauvignon, Red Wine, 750 ML",99988072109,32.989,wine
Menage A Trois Luscious Pinot Noir Red Wine 750 ML,99988071577,21.989,wine
Menage A Trois Merlot Red Wine 750 ML,99988071201,21.989,wine
Folie A Deux - Pinot Noir 25.36 fl oz,99988071188,32.989,wine
Menage A Trois Red Wine 750 ML,99988071096,19.789,wine
Folie A Deux - Merlot 25.40 fl oz,99988071089,21.989,wine
core compania red wine,98709310049,38.489,wine
Cline Cellars Cline Zinfandel 750ml,98652350024,16.489,wine
Nv Cockburn's - Fine Ruby Port,94799120124,21.989,wine
"Terra D'Oro Zinfandel, Red Wine, 750 ML",9460000124,21.989,wine
jealous sisters pinot gris,9421000611385,10.989,wine
fire road marlborough pinot noir,9418076001301,16.489,wine
Fire road Marlborough sauvignon blanc,9418076001158,10.989,wine
fire road sauvignon blanc,9418076001158,16.489,wine
zaca mesa Z cuvée ,89940120269,14.289,wine
zafa mesa syrah,89940120214,21.989,wine
Sterling cabernet sauvignon,899361002521,16.489,wine
Exitus Red Wine,898756001606,32.989,wine
line 39 excursion,898756001576,16.489,wine
Line 39 Pinot Noir 750ml,898756001477,16.489,wine
line 39 merlot,898756001231,16.489,wine
Line 39 - Cabernet Sauvignon 25.36 oz,898756001057,16.489,wine
Fernet-branca distillerie,898563002629,43.989,whiskey
Wild Horse Merlot Red Wine - 750ml Bottle,89854030913,32.989,wine
Wild Horse Cabernet Sauvignon White Wine - 750ml Bottle,89854020921,32.989,wine
Wild Horse Pinot Noir Red Wine - 750ml Bottle,89854010908,32.989,wine
Santa Julia - Reserva - Malbec Mendoza - 2002 25.36 fl oz,89832845706,21.989,wine
Tortoise Creek Wines Cabernet Sauvignon 2010,89832412014,19.789,wine
 cellar no. 8 zinfandel 2013,89819722730,13.189,wine
19 CRIMES THE PUNISHMENT PINOT NOIR 750ml,89819721443,21.989,wine
Chateau St. John - Signature Red 25.36 fl oz,89819543588,16.489,wine
CHATEAU ST JEAN PINOT NOIR CALIFORNIA 1 CT .75 LT,89819542987,19.789,wine
CHATEAU ST JEAN PINOT NOIR CALIFORNIA 1 CT .75 LT,89819542987,32.989,wine
Gabbiano Chianti Rsv 750ml,89819503223,32.989,wine
"Gabbiano Chianti Classico Wine, 750 mL",89819502417,19.789,wine
CASTELLO DI GABBIANO CHIANTI ITALY 1 CT .75 LT,89819501458,19.789,wine
"Beringer Founders Estate Cabernet Sauvignon Wine, 750 mL",89819001705,16.489,wine
nolet's dry gin silver,897845002005,76.989,vodka
Wente Southern Hills Cabernet Sauvignon Red Wine - 750ml Bottle,89636460006,26.389,wine
Wente Valley Wente Merlot 750ml,89636455552,32.989,wine
Highway 12 cabernet sauvignon,896216000220,21.989,wine
highway 12 sauvignon blanc,896216000121,21.989,wine
tequila blue hard anejo,894367001134,65.989,tequila
blue head reposado,894367001127,54.989,tequila
gerard bertrand corbieres 2017,894254002923,21.989,wine
Oenomancy Black red,89419592146,16.489,wine
moniz cabernet sauvignon ,893568000076,32.989,wine
rare earth pinot grigio,892850900230,18.689,wine
Poppy cabernet sauvignon ,892186000253,21.989,wine
poppy chardonnay,892186000239,21.989,wine
the arran malt single malth 18 years,892032050326,142.989,whiskey
STERLING VINTNERS COLLECTION MERITAGE CALIFORNIA 750 ML,88692864056,16.489,wine
"Sterling Vintners Pinot Noir Wine, 750 mL",88692862106,16.489,wine
STERLING VINTNERS COLLECTION MERLOT CALIFORNIA 750 ML,88692860249,16.489,wine
STERLING VINTNERS COLLECTION CABERNET SAUVIGNON CALIFORNIA 750 ML,88692860232,19.789,wine
Sterling - Pinot Noir 25.36 fl oz,88692828263,21.989,wine
Sterling - Pinot Noir 25.36 fl oz,88692828263,32.989,wine
sterling cabernet sauvignon,88692013645,16.489,wine
Columbia Crest Grand Estates Merlot750 mL,88586402845,21.989,wine
Villa Antinori Toscana Rosso Wine 750 mL,88586002755,32.989,wine
simi pinot noir,88415789666,36.289,wine
"SIMI Sonoma County Cabernet Sauvignon, Red Wine, 750 mL Bottle",88415780557,36.289,wine
domaine bousquet rose,879716004554,21.989,wine
Domaine bousquet brut,879716004004,21.989,wine
domaine bousquet pinot grigio,879716001652,17.589,wine
danaus,879716001300,21.989,wine
domaine bousquet Sauvignon blanc,879716001102,17.589,wine
domaine bousquet reserve pinot noir,879716000747,21.989,wine
Domaine Bousquet reserve cabernet sauvignon ,879716000563,21.989,wine
Domaine bousquet rose wine,879716000440,17.589,wine
Alavida Malbec,879716000402,16.489,wine
Domain Bousquet unoaked Chardonnay ,879716000044,17.589,wine
domaine bousquet cabernet sauvignon,879716000037,17.589,wine
domaine bousquet merlot,879716000020,17.589,wine
Bousquet Malbec,879716000013,18.689,wine
amaro del sole vittone,879247000148,32.989,whiskey
Stella rosa IL CONTÉ 1917,8787263013,21.989,wine
mouton cadet reserve bordeaux,878448002449,21.989,wine
winemakers collection montepulciano d'abruzzo zonin,876153001917,21.989,wine
raymond cabernet sauvignon ,87447632070,32.989,wine
clos du bois pinot noir,87356442128,16.489,wine
"Clos du Bois Merlot, Red Wine, 750 mL Bottle",87356421123,18.689,wine
clos du bois cabernet sauvignon,87356405123,16.489,wine
"Clos du Bois Cabernet Sauvignon, Red Wine, 750 mL Bottle",87356405123,18.689,wine
Clos Du Bois - Zinfandel 25.40 fl oz,87356171127,18.689,wine
orfila classic malbec,871734000013,21.989,wine
Napa Cellars Pinot Noir Red Wine 750 ML,870731000101,32.989,wine
Napa Cellars Wine Napa Cellars Merlot 750 Ml,870731000057,32.989,wine
Napa Cellars Cabernet Sauvignon Red Wine 750 ML,870731000033,32.989,wine
Napa Cellars Chardonnay,870731000019,25.289,wine
Tayf Colored almond chocolate,8680244921242,6.589,food
"Hahn Estate Pinot Noir Wine, 750 mL",86788888023,21.989,wine
Hahn - Merlot 25.40 fl oz,86788777891,21.989,wine
Hahn Estates Hahn Estate Cab Sauv 750ml,86788666881,21.989,wine
ay carumba red sangria,86785300108,16.489,wine
stonehedge chardonnay 2015,86754953267,14.289,wine
Purple Heart Red Blend Red Wine - 750ml Bottle,86012191110,27.489,wine
"Robert Mondavi Private Selection Rye Barrel Aged Red Blend, Red Wine, 750 mL Bottle",86003780323,16.489,whiskey
Robert Mondavi Private Selection Zinfandel Red Wine -750ml Bottle,86003291935,16.489,wine
Meiomi Cabernet Sauvignon Red Wine - 750.0 mL,86003251274,36.289,wine
Milestone Cabernet Sauvignon - 750mL Bottle,86003124011,16.489,wine
Robert Mondavi Napa Pinot Noir Red Wine - 750ml Bottle,86003101852,43.989,wine
Robert Mondavi Napa Pinot Noir Red Wine - 750ml Bottle,86003101852,38.489,wine
"Robert Mondavi Private Selection Pinot Noir, Red Wine, 750 mL Bottle",86003091931,16.489,wine
"Robert Mondavi Private Selection Cabernet Sauvignon Wine, Red Wine, 750 mL Bottle",86003061910,16.489,wine
"Robert Mondavi Private Selection Merlot, Red Wine, 750 mL Bottle",86003000421,16.489,wine
lula chardonnay ,860005855667,43.989,wine
smokey robinson cruisin redwine,86000147393,43.989,wine
Brew Free blood orange ipa 6 pack cans,859612001314,18.15,beer
Brew Free Ipa 6 pack cans,859612001031,18.15,beer
bateó un mountains cabernet sauvignon,859585002523,27.489,wine
Death's door gin,859266003016,40.689,vodka
Bequet Caramel Sea Salt,858372001008,4.389,food
Han imported asian vodka,857796000130,32.989,vodka
"Josh Merlot Wine, 750 mL",857744011157,25.289,wine
Josh cellars Chardonnay ,857744001325,21.989,wine
"Josh Cellars Cabernet Sauvignon Wine, 750 mL",857744001318,25.289,wine
kentucky owl bourbon whiskey,857361007052,164.989,whiskey
uncle val's restorative gin,856442005017,54.989,vodka
golden state jamaica 4 pack cans,856247005182,19.25,beer
golden state brut 4 pack cans,856247005069,19.25,beer
golden state ginger grass 4 pack cans,856247005045,19.25,beer
golden state mightyt dry 4 pack cans,856247005007,19.25,beer
underwood pinot noir,856036001548,19.789,wine
Meiomi Chardonnay,855165005779,32.989,wine
"Meiomi Chardonnay, White Wine, 750 mL Bottle",855165005779,32.989,wine
Meiomi Pinot Noir Red Wine - 750ml Bottle,855165005076,36.289,wine
Best Coast Ipa 6 pack,854957002460,17.05,beer
Denog ginizer 6 pack,854957002323,16.489,beer
High West American Prairie Bourbon Barrel Select Whiskey (750 ml),854396005305,109.989,whiskey
midwinter nights dram limited engagement,854396005190,329.989,whiskey
High West Double Rye Barrel Select Whiskey (750 ml),854396005176,65.989,whiskey
High West Rendezvous Rye Whiskey (750 ml),854396005022,76.989,whiskey
Rickshaw Cabernet Sauvignon 2017 750ml,853868006109,16.489,wine
Fort Point Sfizio 4 pack cans,853522006452,18.26,beer
Fort Point Animal 4 pack cans,853522006186,21.45,beer
Fort Point Mosaic Park 4 pack cans,853522006070,18.15,beer
Fort Point Westfalia 4 pack cans,853522006063,18.15,beer
Fort Point KSA 4 pack cans,853522006056,18.15,beer
Fort Point Villager 4 pack cans,853522006049,19.8,beer
Makers mark bourbon375,853222006209,24.189,whiskey
Makers mark bourbon 200,853222006148,14.289,whiskey
G.H.Mumm,852832104896,65.989,wine
PB&W peanut butter whiskey,852045007304,43.989,whiskey
Two Pitchers week-under 6 pack can,851897004196,18.7,beer
Two Pitchers Radler 6 pack can,851897004042,18.7,beer
Raelurm Chardonnay,851718000970,29.689,wine
"Avalon Cabernet Sauvignon California Wine, 750 mL",851718000017,16.489,wine
The Gambler Malbec,851675003090,14.289,wine
10 barrel Classic Margarita 4 pack,851538002840,18.7,beer
sutter home red moscato,8511623,10.989,wine
Leblon natural cane brasil rum,850987001015,32.989,whiskey
sutter home sweet red,8507523,10.989,wine
torre apartó battaccia,850577000329,16.489,wine
bowmore single malt 12 years,850483000055,109.989,whiskey
sutter home cabernet sauvignon,8502528,10.989,wine
sutter home merlot,8502421,10.989,wine
sutter home zinfandel,8502120,10.989,wine
10 barrel Grey hound 4 pack,850162008617,19.8,beer
10 Barrel Moscow Mule 4 pack,850162008600,19.8,beer
Absolut (750ml) vodka,850162008600,28.589,vodka
10 barrel bloody marry 4 pack,850162008594,19.8,beer
Absolut(50 ml) ,850162008020,4.389,vodka
GTS Classic Kombucha smaller,850057003871,5.489,food
GTS Vlassic Kombucha Trilogy,850057003116,6.325,food
GTS Kambucha  Divine Grape,850057003055,5.489,food
GTS Classic Kombucha Original,850057003000,6.325,food
angels envy kentucky straight,850047003003,65.989,whiskey
kokocolada 4 pack cans,850029553175,20.35,beer
el murciélago cabernet sauvignon,850012946182,16.489,wine
Cincoro tequila blanco,850008649011,109.989,tequila
Prime Blue Raspberry,850003560458,5.489,food
Prime tropical punch,850003560441,5.489,food
Prime lemon lime,850003560410,5.489,food
"Dark Horse Merlot Wine, 750 mL",85000022870,16.489,wine
Dark Horse Big Red Blend Red Wine 750ml,85000020746,16.489,wine
Tisdale - Sweet Red 25.36 fl oz,85000018460,10.989,beer
"Tisdale Vineyards Pinot Noir Red Wine, 750ml",85000018057,10.989,beer
Tisdale - Shiraz 25.36 fl oz,85000013007,10.989,beer
Game Box Red Blend,847159003106,32.989,wine
Harken pinot noir,847159002079,21.989,wine
Harken barrel fermented Chardonnay ,847159001812,18.689,wine
the simple grape cabernet sauvignon ,84692657261,21.989,wine
herencia antes garnatxa negra,8437012917026,43.989,wine
Ballast Point Aloha Sculpin hAzy 6 pack cans,840166600184,21.45,beer
Ballast point Grapefruit Sculpin 6 pack cans,840166600122,21.45,beer
Ballast point Sculpin 6 pack cans,840166600047,21.45,beer
"Yellow Tail Big Bold Red Wine, 750 mL",839743001483,13.189,wine
amatore Blanco Verona ,839543002369,13.189,tequila
leese-fitch pinot noir,833302002430,16.489,wine
"Robert Hall Cabernet Sauvignon Wine, 750 mL",830949000140,27.489,wine
Ruffino - Aziano 25.36 fl oz,83085903121,21.989,wine
"Ruffino Chianti DOCG, Italian Red Wine, 750 mL Bottle",83085903022,21.989,wine
"Rosatello Sweet Rosso, Italian Red Wine, 750 mL Bottle",83085430023,18.689,wine
"Estancia Cabernet Sauvignon, Red Wine, 750 mL Bottle",83085300265,17.589,wine
Robert Mondavi Maestro Red Blend Wine - 750ml Bottle,83085220266,65.989,wine
"Bonterra Cabernet Sauvignon Wine, 750 mL",82896780402,21.989,wine
"Fetzer Merlot Wine, 750 mL",82896700394,10.989,wine
"Fetzer Cabernet Sauvignon Wine, 750 mL",82896700134,10.989,wine
"Bonterra Merlot Wine, 750 mL",82896077793,21.989,wine
Bonterra - Pinot Noir 25.36 fl oz,82896000043,21.989,wine
"Noble Vines 667 Pinot Noir Wine, 750 mL",82242544030,21.989,wine
"Noble Vines 181 Merlot, 750 mL",82242447430,21.989,wine
Gnarly Head Merlot 750ml,82242297530,21.989,wine
"Gnarly Head Zinfandel Wine, 750 mL",82242294935,21.989,wine
Gnarly Head Pinot Noir Red Wine - 750ml Bottle,82242293433,21.989,wine
"Gnarly Head Cabernet Sauvignon, 750 mL",82242290432,21.989,wine
black stallion pino noir,82242011204,43.989,wine
Medrano Malbec,820720000919,21.989,wine
stranahans blue peak whiskey,818844021163,65.989,whiskey
King chancho sauvignon blanc,818292014724,19.789,wine
king chanco cabernet sauvignon,818292014700,19.789,wine
king chanco blood red blend,818292014625,19.789,wine
Sedimentary chardonnay,818292013130,16.489,wine
Elysian 6pack,817904000834,18.689,beer
Joel Gott Palisades Red Wine - 750ml Bottle,817625010181,21.989,wine
Joel Gott CA Pinot Noir Red Wine - 750ml Bottle,817625010143,32.989,wine
Cutwater Spirits Elderflower Vodka Spritz (12 oz),816751021498,6.589,vodka
Duke bourbon whiskey kentucky straight,816136023413,65.989,whiskey
kendall-jackson vinter's reserve summation,8158490904,18.689,wine
2015 Kendall-Jackson Vintner's Reserve Merlot - Red Wine,81584131526,32.989,wine
2017 Kendall-Jackson Vintner's Reserve Pinot Noir - Red Wine,81584131519,32.989,wine
Kendall-Jackson Vintner's Reserve Zinfandel Red Wine - 750ml Bottle,81584131403,21.989,wine
Magners 6 pack,815351010369,17.05,beer
blue ice american vodka,815197000128,21.989,vodka
Blackstone Winery - Pinot Noir 25.36 fl oz,81434500267,16.489,wine
"Blackstone Winemaker's Select Merlot, Red Wine, 750 mL Bottle",81434500151,16.489,wine
El origen malbec,813942010552,16.489,wine
carletto rose wine,813645002823,21.989,wine
"Cupcake® Vineyards Cabernet Sauvignon Red Wine - 750ml, 2017 California",81308591872,17.589,wine
"Imagery Pinot Noir Red Wine - 750ml, 2018 California",81308004433,21.989,wine
"Imagery Cabernet Sauvignon Red Wine - 750ml, 2018 California",81308004426,21.989,wine
flip flop cabernet sauvignon,81308001500,10.989,wine
"Cupcake® Vineyards Pinot Noir Red Wine - 750ml, 2017, Central Coast",81308001241,17.589,wine
"Cupcake® Vineyards Malbec Red Wine - 750ml, 2016, Mendoza, Argentina",81308000657,17.589,wine
"Cupcake® Vineyards Merlot Red Wine - 750ml, 2017, California",81308000282,17.589,wine
birddog kentucky bourbon,812459013988,32.989,whiskey
birddog 10 years bourbon,812459013919,54.989,whiskey
birddog small batch bourbon,812459013490,32.989,whiskey
macallan gold double cask whisky,812066022755,109.989,whiskey
macallan 12 years double cask whisky,812066021598,164.989,whiskey
macallan fine oak 10 years whisky,812066020683,439.989,whiskey
the macallan 18 years sherry oak cask whisky,812066020355,549.989,whiskey
brousko red wine,811611000606,21.989,wine
stranahan's sherry cask single malt,811538017336,109.989,whiskey
three olives loopy,811538015707,54.989,vodka
kraken black spiced rum,811538013024,32.989,whiskey
Jose Cuervo Especial,811538010764,38.489,tequila
1800 tequila anejo,811538010030,76.989,tequila
masked rider gunsmoke red,81054854184,21.989,pharmacy
Rutherford - Napa Cabernet Sauvignon 25.36 fl oz,81054284950,43.989,wine
mont pellier merlot,81054104470,13.189,wine
mont pellier pinot noir,81054104449,13.189,wine
mont pellier syrah,81054104302,13.189,wine
forest glen pinot noir,81054084444,16.489,wine
corvezzo prosecco D.O.C. Rose,810064590016,21.989,wine
Corvezzo prosecco D.O.C.,810064590009,21.989,wine
guinigi pinot grigio,810034600011,16.489,wine
Absolut vodka200ml,810023700678,10.989,vodka
Absolut375ml ,810023700661,20.889,vodka
12 Bottles Juggernaut Hillside Cabernet Sauvignon 2017,80887551017,32.989,wine
"Bogle Pinot Noir Wine, 750 mL",80887496318,17.589,wine
"Bogle Cabernet Sauvignon Wine, 750 mL",80887493966,17.589,wine
"Bogle Zinfandel Wine, 750 mL",80887493850,17.589,wine
"Bogle Merlot Wine, 750 mL",80887493782,17.589,wine
"Bogle Petit Sirah Wine, 750 mL",80887493744,17.589,wine
woodwork pinot noir,80720963045,17.589,wine
Bv Coastal Pinot Noir Red Wine - 750ml Bottle,80696151149,14.289,wine
Bv Coastal Pinot Noir Red Wine - 750ml Bottle,80696151149,16.489,wine
"Barossa Valley Estate Cabernet Sauvignon Wine, 750 mL",80696111228,14.289,wine
Bv Coastal Merlot Red Wine - 750ml,80696092671,16.489,wine
frico bianco,8056737003502,10.989,wine
Florio - Sweet Marsala 25.40 fl oz,80516121246,18.689,wine
Sandeman - Tawny Port 25.40 fl oz,80432900222,21.989,wine
curtirussi verdeca ,8020881000090,8.789,wine
vivra cabernet sauvignon ,794504121025,43.989,wine
Del bondio syrah,793573046703,32.989,wine
"Mount Eden vineyard, Chardonnay ",791066019982,16.489,wine
Vitamin water lemonade,786162002976,2.75,pharmacy
Vitamin water acai blueberry pomegranate,786162002969,2.75,pharmacy
Hoegaarden 6 pack,786150001462,15.389,beer
Bud Light Lager Bottle (40 oz),786150000571,6.6,beer
Stella Artois 6 pacl,786150000014,18.15,beer
twenty rows Chardonnay ,784672175296,16.489,wine
Fresh Haze Deschutes Ipa 6 pack cans,763176180074,18.15,beer
Fresh Squeezed Ipa Deschutes 6 pack cans,763176120070,18.15,beer
Deschutes IPA 6 pack,763176120063,15.389,beer
Milka Choco Wafer,7622300675981,5.489,dairy
Milka Cookie With Fillings,7622210998781,5.489,dairy
daniel gehrs merlot,760919010612,65.989,wine
saint-esprit 2020 côtes du rhône delas,753625103402,21.989,wine
Great White 6 pack,751249127064,16.5,beer
Jack Daniel's Single Barrel American Whiskey (750 ml),744607007290,38.489,whiskey
Ferrari Carano pinot noir,742651168103,54.989,wine
ferrari carano merlot,74265114219,43.989,wine
B.R. Cohn Pinot Noir,740216443016,32.989,wine
Francis Coppola Diamond Zinfandel Red Wine - 750ml Bottle,739958974308,27.489,wine
"Francis Coppola Diamond Collection, Diamond Merlot Wine, 750 ml",739958974100,25.289,wine
"Francis Coppola Diamond Collection, Claret Cabernet Sauvignon Wine, 750 ml",739958974001,32.989,wine
Francis Coppola Diamond Red Blend Wine - 750ml Bottle,739958105405,27.489,wine
x,739958099216,65.989,unknown
"coppola Chardonnay, ",739958085202,30.789,wine
coppola petite sirah,739958075104,25.289,wine
"Francis Coppola Diamond Collection, Diamond Cabernet Sauvignon Wine, 750 ml",739958064801,27.489,wine
Francis Coppola Diamond Malbec Red Wine - 750ml Bottle,739958064702,27.489,wine
Goose Island Ipa 6 pack,736920111327,17.05,beer
prevu sparkling liqueur organic ,736211080868,32.989,wine
baron de ley,736040535577,21.989,wine
chianti classico pasqua,736040534044,21.989,wine
chianti pasqua,736040533788,19.789,wine
casa dragones blanco,736040532736,109.989,tequila
Sangiovese puglia pasqua,736040528746,19.789,wine
russian standard vodka saint petersburg,736040018728,43.989,vodka
ojos de toro merlot,735255050431,16.489,wine
ojos de toro malbec,735255050394,16.489,wine
R&B cellars 2003 reserve cabernet sauvignon,732048002394,65.989,wine
lake sonoma cabernet sauvignon,729188948088,32.989,wine
lake sonoma zinfandel,729188115565,32.989,wine
rabbit ridge paso robles GSM,728691182224,16.489,wine
North Coast scrimshaw 6 pack,727344000076,16.5,beer
Casale del duccio chianti,727017211402,21.989,beer
Nantucket nectars Lemonade,726284000894,2.75,food
nantucket nectars orchard apple,726284000863,2.75,food
Nantucket Nectars Big Cranberry,726284000771,2.75,food
nantucket nextars Pineapple orange guava,726284000740,2.75,food
Nantucket nectars island orange ,726284000658,2.75,food
nantucket nectars Premium orange,726284000030,2.75,food
lagunitas 6 pack,723830000209,18.15,beer
lagunitas 6 pack ipa,723830000094,17.05,beer
GTS Alive Cola,722430160207,6.325,food
GTS Alive Root Beer,722430160030,6.325,beer
GTS Synergy trilogy,722430110165,6.325,food
Racer 5 Ipa 6 pack,722130555006,19.8,beer
Patrón Silver Tequila (375,721733001101,38.489,tequila
Patrón Anejo Tequila (375 ml),721733000968,38.489,tequila
Patron Reposado Tequila (375 ml),721733000951,38.489,tequila
Patrón Silver Tequila (750 ml),721733000029,71.489,tequila
Patron silver tequila(50ml),721733000012,10.989,tequila
Wild Turkey Kentucky Straight Bourbon Whiskey 101 Proof (375 ml),721059893756,19.789,whiskey
Wild Turkey Kentucky Straight Bourbon Whiskey 101 Proof (200 ml),721059892001,10.989,whiskey
Hibiki blended whisky 12 years,721059737500,2199.989,whiskey
espolon blanco,721059707503,54.989,tequila
Skyy Infusion Vodka Pineapple (750 ml),721059697507,28.589,vodka
Skyy Vodka Cherry (750 ml),721059657501,28.589,vodka
Skyy Vodka Raspberry (750 ml),721059637503,28.589,vodka
1800 reposado,721059227506,43.989,tequila
cutty sark scotch whisky,721059051750,43.989,whiskey
campari milana bitter,721059047500,43.989,whiskey
Campari Liqueur (1 L),721059041003,43.989,whiskey
Skyy Vodka (1.75 L),721059017503,43.989,vodka
Skyy Vodka (375 ml),721059003759,16.489,vodka
Wild Turkey 101 Rye (750 ml),721059003162,38.489,whiskey
Skyy Flavored Vodka Watermelon (750 ml),721059002745,28.589,vodka
Skyy Vodka Bartlett Pear (750 ml),721059002400,28.589,vodka
Skyy Vodka (200 ml),721059002004,9.889,vodka
Skyy Vodka Texas Grapefruit (750 ml),721059001731,28.589,vodka
Aperol aperitivo,721059001311,43.989,whiskey
Skyy Vodka Wild Strawberry (750 ml),721059000321,28.589,vodka
sit smith london dry gin,720815270039,43.989,vodka
Wilson Daniels Merlot 2010,720815044104,16.489,wine
"Waterbrook Melange Red Wine, 750 mL",719911050973,17.589,wine
Hess Select Malbec,717888590027,25.289,wine
"Hess Select Cabernet Sauvignon Wine, 750 mL",717888510025,29.689,wine
Hess select pinot noir,717888506028,30.789,wine
Hess Collection Lion Tamer Napa Valley Cabernet Sauvignon 2018 750ML **92/WS**,717888191224,87.989,wine
claude val sud de france,71570022983,16.489,wine
one last syrah,713757079600,21.989,wine
"sea sun, California Chardonnay ",710909750103,21.989,wine
opal bianca original white,701530274502,32.989,vodka
pierre ferrand 1er cru de cognac,695521121015,76.989,wine
kim crawford sauvignon blanc,689352009611,32.989,wine
pyrador cabernet sauvignon,689076983662,21.989,wine
stonewood pinot noir,684586000878,13.189,wine
"Stonewood Cabernet Sauvignon Wine, 750 mL",684586000762,13.189,wine
Decoy rose wine,669576020562,32.989,wine
Duck horn north coast sauvignon blanc,669576019405,43.989,beer
"Duckhorn Decoy Cabernet Sauvignon Wine, 750 mL",669576019269,32.989,wine
"Decoy Merlot Wine, 750 mL",669576019252,32.989,wine
Decoy Zin  750m,669576019238,32.989,wine
"Duckhorn Decoy Pinot Noir Wine, 750 mL",669576019221,32.989,wine
decoy sauvignon blanc,669576019214,29.689,wine
keller estate chardonnay ,662235121228,10.989,wine
crystal geyser lime 42oz,654871000449,3.3,food
crystal geyser orange 42oz,654871000432,3.3,food
Crytal geyser lemon 42oz,654871000425,3.3,food
Crystal geyser original 42oz,654871000418,3.3,food
Hook or crook cellars cabernet sauvignon ,653166228735,16.489,wine
hook or crook cellars merlot,653166131899,16.489,wine
hook or crook cellars old vine zinfandel,653166018886,16.489,wine
Freakshow Cabernet Sauvignon Red Wine - 750ml Bottle,652935100333,32.989,wine
Earthquake Cabernet Sauvignon,652935100067,38.489,wine
Dogfish head ipa 6 pack,638489003122,17.05,beer
appleton estate 12 years jamaica rum,636191002402,54.989,wine
White claw 6 pack cans Blackberry,635985801610,17.05,beer
White Claw Variety Pack 3,635985800262,31.35,beer
White Claw Variety Pack 2,635985800064,31.35,beer
White claw 6 pack cans mango,635985260875,17.05,beer
White Claw 6 pack cans raspberry,635985260660,17.05,beer
White claw 6 pack cans Lime,635985025986,17.05,beer
amaro lucano,634955000046,43.989,whiskey
Van gogh chocolate liquor ,633824122995,21.989,food
santa margherita proseco,632987201103,30.789,wine
sassoregale sangiovese maremma toscana,632987200281,21.989,beer
Yerba Mate Enlighten mint,632432757773,4.389,food
Yerba Mate Revel Berry,632432737775,4.389,food
Yerba Mate Orange,632432728773,4.389,food
Yerba Mate Lemon,632432717777,4.389,food
Yerba Mate Bluephoria,632432708775,4.389,food
Yerba Mate Peach,632432000176,4.389,food
Crystal Head Vodka (750 ml),627040411414,98.989,vodka
Tito's Handmade Vodka (50 ml),619947000068,4.389,vodka
Tito's Handmade Vodka (375 ml),619947000051,18.689,vodka
Tito's Handmade Vodka (200 ml),619947000044,9.889,vodka
tito's Handmade vodka,619947000037,61.589,vodka
Tito's Handmade Vodka (750 ml),619947000020,32.989,vodka
Svedka Plain Vodka (375 ml),617768113752,15.389,vodka
shoe crazy cabernet sauvignon,616320556662,19.789,wine
voodoo spiced rum,608851207502,32.989,whiskey
Louis Bernard Luberon,604174000592,10.989,wine
Cali Squeeze Blood orange 24 oz,602755012613,6.05,food
805 firestone walker 6 pack,602755006261,17.05,beer
Milka Choco Cookie Raisins,5906747312169,5.489,dairy
Gloria Tawny Porto,5601815110011,16.489,wine
McVities Digestives original,5000168001159,5.489,vodka
nikka whisky from the barrel,4904230049739,109.989,whiskey
domaine des lauribert vin de pays de vaucluse,3760003520048,14.289,wine
chateau de francs les cherisiers 2001,346817115118,54.989,wine
Saint-T Torpez,3413940000196,13.189,wine
clos triguedina cahors 2001,3365810000297,98.989,wine
Clos Pegase Cabernet Sauvignon Red Wine - 750ml Bottle,33228854018,54.989,wine
"Josh Pinot Noir Wine, 750 mL",31259046952,27.489,wine
Ruta 22 Malbec 750ml,31259032726,16.489,wine
Ramón Bilbao Crianza Rioja Red Wine - 750ml Bottle,31259032030,14.289,wine
"Yellow Tail Merlot Wine, 750 mL",31259009223,13.189,wine
clock spring zinfandel,22847000302,13.189,wine
joel gott merlot,188985000922,32.989,wine
Joel Gott 815 Cabernet Sauvignon Red Wine 750 ML,188985000137,21.989,wine
joel gott zinfandel,188985000120,27.489,wine
joel gott sauvignon blanc,188985000113,21.989,wine
Joel Gott Sauvignon Blanc White Wine 750 ML,188985000113,21.989,wine
proximity twenty six cabernet sauvignon,1824711,43.989,wine
Peroni Nastro Azzurro 6 pack,181954000022,17.05,beer
Dynamite - Red Blend 25.36 fl oz,18138318973,18.689,wine
Dynamite - Red Blend 25.36 fl oz,18138318973,18.689,wine
"Edna Valley Cabernet Sauvignon Wine, 750 mL",18138209028,21.989,wine
"Edna Valley Cabernet Sauvignon Wine, 750 mL",18138209028,25.289,wine
Edna Valley Vineyard Pinot Noir Red Wine 750 mL,18138204023,21.989,wine
"DeLoach Vineyards Pinot Noir Wine, 750 mL",16697006669,19.789,wine
de loach merlot,16697000766,19.789,wine
chateau julien firenze,16299144271,16.489,wine
Kenwood - Zinfandel 25.36 fl oz,10986003032,21.989,wine
menage a trois vodka,099988071225,21.989,vodka
Zaca Mesa Z blanc,089940133627,14.289,wine
tiamo proseco rose,089832921998,14.289,wine
tecate original 12 pack cans,089826900336,21.45,beer
Tecate 24oz original,089826001422,4.4,beer
the walking dead chardonnay,089819722129,10.989,wine
"luminous Oak Knoll, district Chardonnay",089819545445,43.989,wine
matua sauvignon blanc,089819158027,20.889,wine
beringer sauvignon blanc,089819006038,16.489,wine
"Malibu Caribbean Rum with Coconut Liqueur, 42 Proof (50 ml)",089540498680,3.289,whiskey
Malibu Caribbean Rum with Coconut Liqueur (200 ml),089540459042,7.689,whiskey
Kahlua Coffee Liquor Bottle (375 ml),089540453668,19.789,food
Malibu Caribbean Rum with Coconut Liquor (375 ml),089540449033,14.289,whiskey
Malibu Caribbean Rum with Coconut Liquor (750 ml),089540448999,27.489,whiskey
Beefeater London Dry Gin 94 Proof (375 ml),089540333516,18.689,vodka
Beefeater London Dry Gin 88 Proof (1.75 L),089540333479,49.489,vodka
Kahlua Coffee Liqueur Bottle (50 ml),089540122748,5.489,food
Kahlua Coffee Liqueur Bottle (200 ml),089540122731,9.889,food
Kahlua Coffee Liqueur Bottle (750 ml),089540122717,36.289,food
Kentucky Gentleman Bourbon Whiskey 80 Proof Travel Bottle (750 ml),089000246311,43.989,whiskey
Johnnie Walker Red Label Blended Scotch Whisky (50 ml),089000001132,5.489,whiskey
Johnnie Walker Black Label Whisky Blended Scotch (50 ml),089000001118,7.689,whiskey
Yamazai single malt 12 years,088857001616,1649.989,whiskey
yamazaki 12 years single malth yamazaki distillery,088857001616,659.989,whiskey
chateau ste michelle sauvignon blanc,088586630989,19.789,wine
Nicolas Feuillatte Brut reserve,088586003899,65.989,wine
simi sauvignon blanc,088415784654,21.989,wine
Canadian Club Reserve Canadian Whisky 80 Proof (200 ml),088352126333,8.789,whiskey
Hound dog sweet tea lemonade,088352125756,21.989,food
jessup cellars zinfandel,088320388251,65.989,wine
9 lives malbec,088320131376,15.389,wine
grand marnier orange and cognac,088110931025,65.989,whiskey
talisker single malt 10 years,088110170059,109.989,whiskey
Johnnie Walker Red Label Blended Scotch Whisky (750 ml),088110021306,32.989,whiskey
Johnnie Walker Red Label Blended Scotch Whisky (375 ml),088110021191,19.789,whiskey
Johnnie Walker Red Label Blended Scotch Whisky (200 ml),088110021139,12.089,whiskey
Johnnie Walker Black Label Whiskey (200 ml),088110011130,18.689,whiskey
CIROC Limited Edition Vodka Pomegranate (750 ml),088076186040,43.989,vodka
Ciroc Limited Edition Vodka Summer Citrus (750 ml),088076185395,43.989,vodka
Johnnie Walker Black Label Blended Whisky (750 ml),088076185142,49.489,whiskey
Don Julio Blanco Tequila (750 ml),088076184985,72.589,tequila
Johnnie Walker Blue Label Ghost and Rare Glenury Royal Blended Scotch Whisky (750 ml),088076183889,329.989,whiskey
Ciroc Limited Edition Vodka Black Raspberry Infused With Natural Flavors (750 ml),088076183292,43.989,vodka
Ciroc French Vodka Vanilla (200 ml),088076181632,5.489,vodka
Ciroc Vodka French Vanilla (750 ml),088076181540,43.989,vodka
Ciroc Vodka Mango Infused with Natural Flavors (750 ml),088076180697,43.989,vodka
Ciroc Vodka Infused with Natural Flavors Mango (375 ml),088076180680,27.489,vodka
Ciroc Vodka Infused with Natural Flavors Apple (750 ml),088076180451,43.989,vodka
Ciroc Vodka Apple Infused With Natural Flavors (375 ml),088076180444,27.489,vodka
Ciroc Vodka Apple (200 ml),088076180437,5.489,vodka
Ciroc Vodka Pineapple (750 ml),088076179080,43.989,vodka
Ciroc Vodka Pineapple (375 ml),088076179073,27.489,vodka
Johnnie Walker Double Black Label Blended Scotch Whisky (750 ml),088076177703,54.989,whiskey
Ciroc Vodka Peach Infused with Natural Flavors (375 ml),088076177390,27.489,vodka
Ciroc Vodka Red Berry (750 ml),088076175051,43.989,vodka
Ciroc Vodka Coconut (750 ml),088076174955,43.989,vodka
Ciroc Vodka Coconut (375 ml),088076174948,27.489,vodka
Bushmills Irish whisky,088076169005,54.989,whiskey
the distillers edition cragganmore double matured,088076166585,109.989,whiskey
Johnnie Walker Red Label Blended Scotch Whisky (1.75 L),088076163164,54.989,whiskey
Red label scotch whisky,088076163164,54.989,whiskey
Fireball Whisky 66 Proof (200 ml),088004144739,7.689,whiskey
Fireball Cinnamon Whisky 67 Proof (750 ml),088004144692,29.689,whiskey
pimm's original N1 cup,088004143541,32.989,vodka
Canadian Mist Blended Canadian Whiskey (750 ml),088004048242,21.989,whiskey
Fireball Cinnamon Whisky 66 Proof (1.75 L),088004026172,43.989,whiskey
Eagle Rare Kentucky Straight Bourbon 10 Year 90 Proof (750 ml),088004021344,65.989,whiskey
Sapporo 6 pack,087975013501,16.489,beer
boondocks 8 years bourbon,087752019931,76.989,whiskey
angry orchard crisp apple 6 pack,087692821021,17.05,beer
Samuel Adams Boston Lager 6 pack,087692100126,17.05,beer
Truly Tropical Pack,087692008040,31.35,beer
the dalmore 12 years single malt,087647111672,109.989,whiskey
Pursuit of better beer 6 pack,087600100217,15.389,beer
mezzacorona pinot grigio,087241881063,18.689,beer
mount gay XO reserve cask rum,087236950149,65.989,wine
Passoa passion fruit juice ,087236565374,21.989,food
Presidential Porto Ruby,087224009101,21.989,wine
Crown Royal,087000700604,65.989,whiskey
Captain Morgan Spiced rum original,087000201156,43.989,whiskey
Seagram's 7 Crown American Blended Whiskey (375 ml),087000007659,14.289,whiskey
Seagram's 7 Crown American Blended Whiskey (200 ml),087000007352,7.689,whiskey
Bulleit Bourbon Whiskey (50 ml),087000005563,6.589,whiskey
Bulleit Bourbon Whiskey (750 ml),087000005525,43.989,whiskey
Bulleit Bourbon Whiskey (200 ml),087000004139,16.489,whiskey
Bulleit Bourbon Whiskey (375 ml),087000004122,27.489,whiskey
Bulleit Bourbon Whiskey (1.75 L),087000004047,76.989,whiskey
Seagram's 7 Crown American Blended Whiskey (750 ml),087000003385,21.989,whiskey
Captain Morgan Original Spiced Rum (375 ml),087000002777,16.489,whiskey
Captain Morgan Original Spiced Rum (200 ml),087000002739,8.789,whiskey
Crown Royal Blended Canadian Whisky Fine Deluxe (50 ml),087000001992,6.589,whiskey
piper-heidstick rose sauvage,086891084961,87.989,wine
terlato pinot grigio,086891084657,32.989,wine
The federalist cabernet sauvignon,086891083186,21.989,wine
Periquita Original,086785450308,16.489,vodka
Baileys Original Irish Cream Liquor (50 ml),086767210128,4.389,pharmacy
Baileys Original Irish Cream Liquor (200 ml),086767210104,1209.989,pharmacy
Baileys Original Irish Cream Liquor (375 ml),086767210098,21.989,pharmacy
Stonehedge chardonnay,086754953267,14.289,wine
Christian Brothers Very Smooth 80 Proof Brandy (750 ml),086036815597,18.689,whiskey
Robert Mondavi Chardonnay,086003451865,29.689,wine
tequila mi campo blanco,086003272033,43.989,tequila
tequila mi campo reposado,086003272019,43.989,tequila
High West High Country American Single Malt Whiskey Bottle (750 ml),086003267084,76.989,whiskey
chateau la crook martelle la reserve de sirus,0854934000069,54.989,wine
Maker's Mark Bourbon Whisky (750 ml),085246139431,43.989,whiskey
Ketel One Vodka (750 oz),085156515417,40.689,vodka
Ketel One Vodka Oranje (750 ml),085156475001,40.689,vodka
Ketel One Vodka (50 ml),085156404957,5.489,vodka
Ketel One Vodka (375 ml),085156122158,27.489,vodka
Ketel One Vodka (50 ml),085156018017,5.489,vodka
Ketel One Vodka Citroen (750 ml),085156007509,40.689,vodka
Ketel One Citroen Vodka (375 ml),085156003754,27.489,vodka
squadra rosso 2014,0850477006049,21.989,wine
high noon hard seltzer mango,085000432327,15.389,beer
high noon hard seltzer black cherry,085000429273,15.389,beer
high noon hard seltzer tequila seltzer pack,085000036099,27.489,tequila
high noon hard seltzer pool pack,085000034293,27.489,beer
high noon hard seltzer tropical pack,085000032558,27.489,beer
New Amsterdam Vodka Plastic (375 ml),085000031810,14.289,vodka
high noon hard seltzer variety pack,085000031513,27.489,beer
New Amsterdam Vodka Plastic (750 ml),085000031087,21.989,vodka
New Amsterdam Watermelon Vodka (375 ml),085000030912,14.289,vodka
New Amsterdam Raspberry Vodka (375 ml),085000026144,14.289,vodka
New Amsterdam Raspberry Vodka (200 ml),085000026137,6.589,vodka
New Amsterdam Mango Vodka (375 ml),085000023174,14.289,vodka
edna valley pinot grigio,085000023136,21.989,wine
dark horse sauvignon blanc,085000022924,16.489,wine
New Amsterdam Orange Vodka (750 ml),085000022375,21.989,vodka
New Amsterdam Coconut Vodka (375 ml),085000021354,14.289,vodka
New Amsterdam Peach Vodka (200 ml),085000020401,6.589,vodka
New Amsterdam Peach Vodka (750 ml),085000020333,21.989,vodka
La marca prosecco,085000017739,26.389,wine
New Amsterdam Vodka (50 ml),085000008805,2.75,vodka
New Amsterdam Watermelon Vodka (50 ml),085000006740,2.75,vodka
New Amsterdam Lemon Vodka (50 ml),085000006658,2.75,vodka
New Amsterdam Apple Vodka (50 ml),085000006566,2.75,vodka
New Amsterdam Grapefruit Vodka (50 ml),085000006382,2.75,vodka
New Amsterdam Mango Vodka (50 ml),085000006344,2.75,vodka
New Amsterdam Citron Vodka (50 ml),085000005958,2.75,vodka
New Amsterdam Peach Vodka (50 ml),085000005781,2.75,vodka
E&J V.S. Brandy (375 ml),085000004265,12.089,whiskey
E&J V.S. Brandy (200 ml),085000004210,6.589,whiskey
Nantucket nectars orange mango,0849216750,2.75,food
The simple grape chardonnay,084692656561,19.789,wine
Croft Pink Fine Portos,084692311149,32.989,wine
junmai dai ginjo sake ippin,084391276886,32.989,sake
Junmai sake ippin,084391110302,32.989,sake
tomatin single malt 18 years,084279976181,109.989,whiskey
pendleton canadian let'er buck,084104115914,43.989,whiskey
red stripe 6 pack,083820567939,17.05,beer
Guinness 6 pack,083820104011,16.489,beer
Cook's Extra Dry,083804047235,16.489,wine
Coors Light American Light Lager Cans (24 oz),083783375572,3.85,beer
Pale Ale 19.2oz,083783375534,6.05,beer
Sierra Nevada Pale Ale 6 pack,083783375213,18.15,beer
Torpedo extra ipa 6 pack ,083783331004,18.26,beer
Sierra Nevada Tropical Torpedo 6 pack cans,083783110050,17.05,beer
glenfiddich 14 years bourbon barrel reserve,083664873463,87.989,whiskey
Glenfiddich Bourbon Barrel Reserve Single Malt Scotch Whiskey (750 ml)14 years,083664873463,87.989,whiskey
monkey shoulder malt whisky,083664872541,76.989,whiskey
Balvenie single malth caribbean cask,083664871681,164.989,whiskey
milagro tequila silver,083664868919,43.989,tequila
Balvenie single malth doublewood 12 years,083664112210,142.989,whiskey
Grant's Blended Scotch Whiskey (750 ml),083664101399,21.989,whiskey
jagermeister 56 ,083089524001,37.389,whiskey
American harves organic spirit,083089480178,76.989,food
ruffino prosecco,083085904081,21.989,wine
"Old soul, Chardonnay ",082544990719,21.989,wine
Beck's 6 pack,082488123457,15.389,beer
sauza conmemorativo,082422650643,32.989,tequila
gran gala triple orange,082352300236,27.489,tequila
Jack Daniels whisky,082184090428,60.489,whiskey
J. Roget Brut,08209618,16.489,wine
Smirnoff Vodka Peach Lemonade (1.75 L),082000799436,21.989,vodka
Smirnoff Vodka Pink Lemonade (750 ml),082000797203,21.989,vodka
Crown Royal Whisky Regal Apple (750 ml),082000792208,38.489,whiskey
Smirnoff Sours Vodka Fruit Punch (750 ml),082000769934,21.989,vodka
Smirnoff Sours Vodka Green Apple (750 ml),082000769903,21.989,vodka
Bulleit 95 Rye Whiskey (375 ml),082000766087,27.489,whiskey
Bulleit 10 Year Old Bourbon Whiskey (750 ml),082000760832,54.989,whiskey
Crown Royal Black Blended Whisky Canadian (200 ml),082000756224,12.089,whiskey
Smirnoff Vodka (1.75 L),082000755647,40.689,vodka
Smirnoff Vodka Coconut (750 ml),082000755623,21.989,vodka
Smirnoff Vodka (375 ml),082000755616,14.289,vodka
Bulleit 95 Rye Whiskey (750 ml),082000752967,43.989,whiskey
Smirnoff Vodka Mango (750 ml),082000751816,21.989,vodka
Crown Royal Black Blended Canadian Whisky (375 ml),082000750420,21.989,whiskey
smirnoff ice mango 6 pack,082000743446,18.15,vodka
Smirnoff Vodka Pomegranate (750 ml),082000740384,21.989,vodka
smirnoff ice original 6 pack,082000723851,18.15,vodka
smirnoff vodka,082000105701,40.689,vodka
Smirnoff Vodka (750 ml),082000009504,21.989,vodka
Ciroc Vodka Summer Citrus (50 ml),082000006824,5.489,vodka
Captain Morgan Rum Original (100 ml),082000005940,27.489,whiskey
Ciroc Very Special French Brandy (750 ml),082000005759,43.989,vodka
Ciroc Vodka French Vanilla (50 ml),082000005544,5.489,vodka
Ciroc Vodka Mango (50 ml),082000005360,5.489,vodka
Ciroc Vodka Apple Vodka Infused with Natural Flavors (50 ml),082000005247,5.489,vodka
Crown Royal XO Blended Canadian Whisky (375 ml),082000004738,21.989,whiskey
Smirnoff Peach375ml,082000004110,14.289,vodka
Smirnoff Vodka Citrus (750 ml),082000003915,21.989,vodka
Captain Morgan White Rum (200 ml),082000003793,7.689,whiskey
Ciroc Vodka Pineapple (50 ml),082000003717,5.489,vodka
Smirnoff Vodka (50 ml),082000003236,3.289,vodka
Smirnoff Vodka 200ml,082000003168,7.689,vodka
Ciroc Ultra Premium Vodka (50 ml),082000001539,5.489,vodka
Smirnoff Vodka Green Apple Vodka Infused with atural Flavors (750 ml),082000001041,21.989,vodka
grand marnier natural cherry,081753823085,32.989,whiskey
Belvedere vodka red poland,081753822262,76.989,vodka
glenmorangie single malt the lasanta 12 years,081753810863,109.989,whiskey
Veuve Clicquot brut,081753050207,87.989,wine
kendall-jackson rose wine,081584013297,21.989,wine
J. Roget Extra Dry,08139290,10.989,wine
Calling all Angels Chardonnay ,081308002200,21.989,wine
Didier Chopin Brut,081054996921,65.989,wine
blaco de bleu blanc de rose,081054996396,16.489,wine
"napa Creek, Chardonnay ",081054214940,19.789,wine
mont pellier cabernet sauvignon,081054104357,14.289,wine
JFJ Brut,081054024242,15.389,wine
bogle family sauvignon blanc,080887493942,17.589,wine
"bogle family, Chardonnay ",080887493928,17.589,wine
Roku gin japanese,080686958031,43.989,vodka
effen vodka from Holland,080686938057,43.989,vodka
Effen Raspberry Holland,080686938019,43.989,vodka
Hibiki japanese harmony LIMITED EDITION,080686934141,2199.989,whiskey
Hibiki japanese harmony,080686934059,439.989,whiskey
Knob Creek Kentucky Straight Bourbon 9 Years Whiskey Bottle (750 ml),080686016762,87.989,whiskey
Knob Creek Straight Rye Whiskey Bottle (750 ml),080686016083,65.989,whiskey
Basil Hayden's kentucky straight bourbon,080686012405,54.989,whiskey
Modelo Especial 6 pack,080660957654,17.05,beer
modelo 6 pack cans,080660957555,15.4,beer
Modelo 12 pack can,080660957159,27.489,beer
Corona light 6 pack,080660956251,17.05,beer
Corona 12 pack bottle,080660956152,30.789,beer
Corona 6 pack bottle,080660956053,17.05,beer
pacifico clara 6 pack,080660953014,17.05,beer
Rosa regale sparkling white,080516749242,32.989,beer
Dewar's 15 Year Blended Scotch Whisky (375 ml),080480985851,21.989,whiskey
drambuie,080480302023,54.989,whiskey
Bombay Sapphire London Dry Gin (375 ml),080480301132,19.789,vodka
Bombay Sapphire London Dry Gin (750 ml),080480301026,38.489,vodka
Grey Goose Flavored Vodka La Poire (50 ml),080480283360,49.489,vodka
Grey Goose Flavored Vodka La Poire (750 ml),080480283339,49.489,vodka
Grey Goose Imported Vodka (1.75 L),080480280215,87.989,vodka
Grey Goose Imported Vodka (50 ml),080480280055,7.689,vodka
Grey Goose Imported Vodka (200 ml),080480280048,18.689,vodka
Grey Goose Imported Vodka (375 ml),080480280031,30.789,vodka
Grey Goose Imported Vodka (750 ml),080480280024,49.489,vodka
Dewar's scotch whisky 12 years,080480231026,54.989,whiskey
Dewar's White Label Blended Scotch Whisky (200 ml),080480230050,12.089,whiskey
Dewar's White Label Blended Scotch Whisky (750 ml),080480230029,36.289,whiskey
Dewars White label,080480230005,49.489,whiskey
Cazadores Reposado Tequila (200 ml),080480170127,16.489,tequila
Cazadores Reposado Tequila (375 ml),080480170035,29.689,tequila
Cazadores Añejo Tequila (750 ml),080480001254,54.989,tequila
Bombay Sapphire London Dry Gin (200 ml),080480000066,10.989,vodka
sandeman old tawny porto,080432900819,54.989,wine
Jameson Triple Distilled Irish Whiskey (750 ml),080432500177,43.989,whiskey
Seagram's Extra dry gin,080432401262,39.589,wine
Seagram's Extra Dry Gin (375 ml),080432401221,14.289,wine
Seagram's Extra Dry Gin (200 ml),080432401214,7.689,wine
chivas regal scotch whisky 12,080432400395,43.989,whiskey
Chivas Regal 12 Year Old Blended Scotch Whiskey (375 ml),080432400385,27.489,whiskey
Chivas Regal 12 Year Old Blended Scotch Whisky (200 ml),080432400361,14.289,whiskey
ricard pastis de marseille,080432296677,54.989,whiskey
Jameson Irish Whiskey Black Barrel (375 ml),080432115111,21.989,whiskey
chivas regal mizunara whisky,080432113578,76.989,whiskey
Jameson Triple Distilled Irish Whiskey Black Barrel (200 ml),080432112998,14.289,whiskey
Jameson Caskmates Stout Irish Whiskey (750 ml),080432109929,43.989,whiskey
green spot single pot stilll irish,080432105993,109.989,whiskey
Chivas Regal 25 Year Old Blended Scotch Whiskey (750 ml),080432104047,43.989,whiskey
the glenlivet 15 years whisky,080432100783,109.989,whiskey
Buffalo Trace Kentucky Straight Bourbon Whiskey Bottle (750 ml),080244009236,43.989,whiskey
Canada dry tonic water 1L,078000153453,4.389,food
Canada dry ginger ale 2L,078000152463,5.489,beer
Canada dry 1L ginger ale,078000152456,4.389,beer
canada dry ginger ale 20oz,078000152401,3.025,beer
Canada dry tonic water zero sugar 1L,078000149456,4.389,food
Canada dry club soda 1L,078000146455,4.389,food
Sunkist 2L,078000113464,5.5,food
sunkist 1L,078000113457,4.389,food
sunkist orange 20 oz,078000113402,3.025,food
A&W 20oz cream soda,078000054408,3.025,pharmacy
A&W 16.9oz root beer,078000052428,3.025,beer
Sunkist berry lemonade 2L,078000035544,5.489,food
sunkist strawberry lemonade 20oz,078000031782,3.025,food
canda dry ginger ale lemonade 20oz,078000030242,3.025,beer
Squirt 2l,078000016468,5.5,food
Squirt 1 liter,078000016451,4.389,food
squirt 20oz,078000016406,3.025,food
Crush 2L,078000013368,5.489,wine
dr pepper diet 16.9oz,078000003888,2.75,food
dr pepper 16.9oz ,078000003864,2.75,food
7up 20oz,078000001617,3.025,food
7up zero sugar 2L,078000000757,5.489,food
7up 2L,078000000344,5.5,food
7up 1 L,078000000283,4.389,food
Quadratini Peanut Butter,076580205401,7.689,dairy
Tortina Caramel,076580201397,6.589,food
Quadratini matcha green tea,076580191629,7.689,food
Quadratini cocoa & milk,076580180746,7.689,dairy
Quadratini raspberry-yogurt,076580158295,7.689,dairy
Tortina Dark Hazelnut,076580148036,6.589,food
Loacker Gardena Chocolate,076580144045,6.589,food
Quadratini dark chocolate,076580142485,7.689,food
Tortina Original,076580106029,6.589,food
Loacker Chocolate,076580007265,6.589,food
LoackerGardena Hazelnut,076580007258,6.589,food
Loacker Classic Vanilla,076580007241,6.589,food
Loacker Classic Hazelnut,076580007210,6.589,food
Tortina Dark,076580005599,6.589,food
Quadratini Chocolate,076580004967,7.689,food
Quadratini Vanilla,076580004943,7.689,food
Quadratini lemon,076580004936,7.689,food
Quadratini hazelnut,076580004912,7.689,food
Quadratini tiramisu,076580004882,7.689,food
Quadratini Cappuccino,076580004875,7.689,food
Tortina Creme Noisette,076580003724,6.589,food
Loacker Lemon,076580001126,6.589,food
snapple black cherry lemonade,076183466841,2.75,food
snapple watermelon lemonade,076183455128,2.75,food
snapple pink lemonade,076183003299,2.75,food
Snapple apple,076183003282,2.75,food
snapple raspberry tea,076183003190,2.75,food
snapple lemon tea,076183003152,2.75,food
Snapple peach tea zero sugar,076183003145,2.75,food
snapple fruit punch,076183003138,2.75,food
snapple mango madness,076183003121,2.75,food
Snapple peach tea ,076183003114,2.75,food
snapple kiwi strawberry,076183003107,2.75,food
Amstel light 6 pack,072890100115,17.05,beer
Lagunitas Maximus 6 pack,072890100115,17.05,beer
Budweiser Lager Can (25 oz),072890001191,3.85,beer
Heineken 12 pack can,072890000200,30.789,beer
Heineken 6 pack,072890000118,15.389,beer
Anchor California Lager 6 pack,072783001307,18.689,beer
Anchor steam 6 pack,072783001000,18.689,beer
Yohoo chocolate,072350000115,3.289,food
Dos equis 6 pack,072311630122,17.05,beer
coors banquet 6 pack cans,07199743,14.3,beer
Bud Light Lager Can (25 oz),071990300654,3.85,beer
Coors Light 6 pack,071990300050,14.3,beer
Blue Moon Belgian White 6 pack,071990095116,17.05,beer
Rolling rock extra pale 6 pack cans,071439000060,13.2,beer
tap 357 maple rye whisky,057496004494,43.989,whiskey
Gatorade lemon-lime,052000328684,2.75,food
Gatorade orange,052000328677,2.75,food
Gatorade orange,052000328677,2.75,food
Gatorade fruit punch,052000328660,2.75,food
Gatorade cool blue,052000324815,2.75,food
fanta pineapple glass 355ml,049000062830,3.575,food
fanta strawberry 355ml,049000062823,3.575,food
Fanta 2L,049000050257,5.489,food
Sprite 2L,049000050158,5.5,food
Diet Coke 2L,049000050110,5.5,food
Coke 2L,049000050103,5.5,food
fanta glass 355mml,049000047844,3.575,food
sprite glass 355ml,049000047820,3.575,food
coke zero 16.9oz,049000045840,2.75,food
fanta 16.9oz,049000031683,2.75,food
sprite 16.9oz,049000024708,2.75,food
diet coke 16.9oz,049000024692,2.75,food
coke 16.9oz,049000024685,2.75,food
Coke 1L,049000005226,4.389,food
coke glass 355ml,049000004632,3.575,food
pike creek vintage port barrels,048415520058,43.989,wine
Grgich hills estate chardonnay,047156107504,54.989,wine
Ritz cheese crackers,044000882112,12.089,dairy
Ritz peanut butter crackers,044000882105,12.089,dairy
oreo dark chocolate,044000060459,8.789,food
oreo peanut butter,044000060398,8.789,dairy
oreo double stuf,044000060251,8.789,food
Oreo golden double stuf,044000060244,8.789,pharmacy
Triscuit roasted garlic,044000051365,6.589,food
belvita toasted coconut,044000050153,7.689,food
belvita cranberry orange ,044000040598,7.689,food
Ritz original 3.4oz,044000034245,4.389,vodka
belvita banana bread,044000034207,7.689,food
chips ahoy chewy,044000032234,7.689,food
chips ahoy chunky,044000032210,7.689,food
chips ahoy original,044000032197,7.689,food
belvita cinnabon brown sugar,044000031954,7.689,food
chips ahoy reese's,044000024567,7.689,food
 Oreo 5.2oz,044000007492,4.389,food
Honey Maid Graham Crackers,044000004637,6.589,food
Premium saltine crackers,044000003821,4.389,food
Pellegrini 25oz,041508800129,3.85,food
Progresso garden vegetable,041196915075,4.389,food
Progresso Italian style wedding,041196915051,4.389,food
Progresso vegetable,041196911138,4.389,food
Progresso roasted chicken noodle,041196805482,4.389,food
"Progresso chicken, and dumpling",041196419337,4.389,food
Progresso Manhattan clam chowder,041196011111,4.389,food
Progresso Green split pea,041196010510,4.389,food
Progresso tomato basil,041196010138,4.389,food
four roses bourbon,040063400409,32.989,whiskey
Asahi 6 pack,038766361202,16.489,beer
Pop tarts strawberry,038000317309,6.589,food
Pop tarts brown sugar cinnamon,038000311307,6.589,food
Welch's fruit snacks island fruits,034856028819,6.589,food
yellow tail pinot noir 2021,031259018492,13.189,wine
yellow tail cabernet sauvignon ,031259009452,13.189,wine
Marlboro red 72,02896320,15.4,pharmacy
Marlboro black,02895224,15.4,pharmacy
Parliament silver,02881522,17.6,pharmacy
Parliament,02879226,17.6,pharmacy
Parliament 100,02879129,17.6,pharmacy
Parliament light,02878421,17.6,pharmacy
Marlboro ultra light ,02847829,15.4,pharmacy
Marlboro silver,02847722,15.4,pharmacy
Marlboro light 100,02846529,15.4,pharmacy
Marlboro ultra light 72,02838627,15.4,pharmacy
Marlboro lights,02838423,15.4,pharmacy
Marlboro red label,02836823,15.4,pharmacy
Marlboro red 100,02836328,15.4,pharmacy
Marlboro red,02835727,15.4,pharmacy
Marlboro 27,02826428,15.4,pharmacy
cheez-it white cheddar,024100789382,7.689,food
cheez-it pepper jack,024100789252,7.689,food
cheez-it hot & spicy,024100789092,7.689,food
cheez-It cheddar jack,024100788873,7.689,food
cheez-it extra big,024100594412,7.689,food
cheez-it snack mix classic,024100514458,7.689,food
cheez-it extra cheesy,024100116607,7.689,food
Cheez-It original,024100106851,7.689,food
cheez-it extra toasty,024100104437,7.689,food
Blue Ribbon 12 pack can,022100001701,17.589,beer
Pabst blue ribbon 12 pack cans,022100001701,17.6,beer
pabst blue ribbon 6 pack cans,02207111,13.2,beer
Topo chico lime 12oz,021136110449,3.289,food
Topo Chico 1L,021136010985,5.489,food
bud light 12 pack cans,018200530470,19.25,beer
Heineken Original Lager Can (24 oz),018200261244,5.489,beer
Watermelon rita 25 oz,018200259081,6.05,beer
Estrella Jalisco 24oz,018200258169,6.05,beer
Mango rita 25 oz,018200255335,6.05,beer
Strawberry rita 25oz,018200255052,6.05,beer
Lime a rita 25oz,018200250149,6.05,beer
Michelob Ultra 25 oz,018200250101,6.05,beer
Bud Light Beer,018200250019,0,beer
E&J V.S. Brandy (50 ml),018200250002,2.519,whiskey
Nutrl 4 pack cans,018200204012,19.8,beer
Zero carbs bud light 12 pack cans,018200203275,30.8,beer
Shock top belgian white 6 pack,018200139864,17.05,beer
budweiser 12 pack cans,018200110474,19.25,beer
Budweiser 6 pack,018200008344,15.4,beer
bud light 6 pack,018200008337,15.4,beer
O'Doul's golden 6 pack,018200007842,15.4,beer
Sierra Nevada Brewing Co Atomic Torpedo West Coast Juicy IPA Cans (19.2 oz),018200001604,5.489,beer
Stella Artois Ale Can (25 oz),018200001260,6.05,beer
edna valley sauvignon blanc,018138202029,19.789,wine
Edna Valley Chardonnay,018138201022,19.789,wine
bud light 6 pack cans,01811524,17.05,beer
budweiser 6 pack cans,01801828,17.05,beer
2016 Conundrum california ,017224750123,21.989,whiskey
sparkling ice black cherry,016571952105,2.2,wine
sparkling ice lemon lime,016571911256,2.2,wine
Sparkling ice orange mango,016571910310,2.2,wine
sparkling ice black raspberry,016571910303,2.2,wine
Poiz merlot,016299844379,21.989,wine
Nature valley cinnamon brown sugar,016000458987,7.689,food
Nature valley variety pack,016000411265,7.689,food
Nature Valley Roasted Almond,016000289208,7.689,food
Nature valley salted caramel,016000187955,7.689,food
Nature valley peanut butter chocolate,016000187931,7.689,dairy
Nature valley roasted mix nut,016000168947,7.689,food
Chex Mix,016000159907,6.589,food
Fiber One oats & Chocolate,016000143449,7.689,food
Clamato tomato cocktail,014800511758,3.85,food
Pepperidge Farm Montauk Milk Chocolate,014100089001,6.589,dairy
Pepperidge Farm Sausalito Milk Chocolate Macadamia,014100077121,6.589,dairy
Pepperidge Farm Tahoe White Chocolate Macadamia,014100075226,6.589,food
Siro Digestive cookies,013001040586,5.489,food
Starbucks Frap 9.5oz,01264904,3.85,food
Starbucks Frap 13.7oz,01245200,5.489,food
Kamel red,01235433,16.5,pharmacy
19 crimes cali rose,012354005006,18.689,wine
Camel light,01230739,16.5,pharmacy
Camel filter,01230331,16.5,pharmacy
Camel no filter,01230137,18.689,pharmacy
Camel wide light,012300708999,16.5,pharmacy
Camel filter wide,012300707992,16.5,pharmacy
Camel turkish royal,012300302883,16.5,pharmacy
Camel turkish gold,012300265706,16.5,pharmacy
Camel light 99,012300200608,16.5,pharmacy
Camel filter 100,012300200592,16.5,pharmacy
Camel one crush non-menthal,012300127370,16.5,wine
Camel one crush blue non-menthal,012300126298,16.5,wine
Starbucks espresso 6.5 oz,01217702,3.85,food
Campuget Tradition,012086986611,18.689,wine
Joseph Droughin macon-villages,012086312014,21.989,wine
pepsi 24oz,012000182570,3.025,food
mtn dew 24oz,012000182389,3.025,food
diet pesi 24oz,012000182211,3.025,food
Perrier-jouet grand brut,010986010351,98.989,wine
Boont 6 pack,009125000162,17.05,beer
el tequileno platino blanco,7501398100325,65.989,tequila
vita coco coconut water peach and mango,898999040004,4.389,food
vita coco pressed coconut water small,898999011073,3.289,food
vita coco coconut water pressed,898999010144,4.389,food
vita coco coconut water original big,898999010007,4.389,food
vita coco coconut water original small,898999000022,3.289,food
Four Loko Watermelon,895216001077,6.05,food
Four Loko Fruit Punch,895216001046,6.05,food
chobani cherry,894700010168,2.2,whiskey
Chobani peach,894700010069,2.2,whiskey
chobani blueberry,894700010052,2.2,whiskey
chobani strawberry,894700010045,2.2,whiskey
real coco coconut water,889568000727,3.289,food
Celsius arctic vibe,889392021417,3.85,food
celsius tropical vibe,889392021394,3.85,food
celsius peach vibe,889392010190,3.85,food
celsius kiwi guava,889392010145,3.85,food
celcius wild berry,889392000320,3.85,food
celsius orange,889392000313,3.85,food
kerns guava nectar,888903201119,2.2,food
kerns mango nectar,888903201102,2.2,food
kerns peach nectar,888903201072,2.2,food
electrolit fruit punch,887725000450,5.489,food
electrolit berry bliss,887725000436,5.489,food
electrolit strawberry kiwi,887725000252,5.489,food
electrolit lemon-lime,887725000061,5.489,food
electrolit orange,887725000054,5.489,food
electrolit coconut,887725000047,5.489,food
electrolit apple,887725000016,5.489,food
electrolit grape,887725000009,5.489,food
aperol spritz 200ml,887341340077,7.689,whiskey
amaro del sole vittone,879247000148,32.989,whiskey
strawberry lavender VYBES,867503000421,8.789,food
blueberry mint VYBES,867503000414,8.789,food
harmless harvest coconut water,859078002924,5.489,food
body armor fruit punch,858176002324,4.389,food
BuzzBallz Chili Mango 200ml,857674007855,3.85,food
BuzzBallz Choc tease 200ml,857641002753,3.85,food
BuzzBallz Strawberry rita 200ml,857641002609,3.85,beer
BuzzBallz Lotta Colada 200ml,857641002258,3.85,food
BuzzBallz Tequila Rita 200ml,857641002043,3.85,tequila
pH 33.8oz,857416006191,3.3,food
Golden state jamaica 19.2,856247005205,6.05,beer
Golden State Brut 19.2oz,856247005168,6.05,beer
Golden State Ginger Grass 19.2 oz,856247005113,6.05,beer
Golden state mighty dry 19.2oz,856247005052,6.05,beer
Denog ginzer 19.2oz,854957002965,7.15,vodka
C2O coconut water with pulp,853883003022,3.85,food
C2O coconut water original,853883003008,3.85,food
Core 16.9oz,853004004563,2.2,food
Core 30.4oz,853004004037,3.3,food
"Mumm Napa Brut Rose Sparkling Wine, 750 mL",852832000174,32.989,wine
"Mumm Napa Brut Prestige Sparkling Wine, 750 mL",852832000150,32.989,wine
orgain protein vanilla,851770006071,4.389,food
orgain clean protein chocolate ,851770006064,4.389,food
blood orange lime vybes,850007123147,8.789,food
blackberry hibiscus vybes,850007123031,8.789,food
honeycrisp apple basil vybes,850007123000,8.789,food
Four Loko Warheads,849806004948,6.05,food
Four Loko Gold,849806001169,6.05,pharmacy
Four Loko Sour,849806000957,6.05,food
vivaloe watermelon,845163008872,3.3,food
vivaloe peach aloe,845163008391,3.3,food
vivaloe mango,845163004829,3.3,food
c4 strawberry guava zero 16oz,842595126921,4.389,food
c4 mango 16oz,842595126198,4.389,food
c4 skittles 16oz,842595121766,4.389,food
c4 starburst strawberry,842595121759,4.389,food
c4 starburst cherry,842595109542,4.389,food
c4 frozen bombsicle 16oz,842595106596,4.389,dairy
ito en matcha milk tea,835143013705,3.3,dairy
ito en unsweetened bold green tea,835143001832,3.3,food
ito en golden oolong tea,835143001818,3.3,pharmacy
ito en jasmine green tea,835143001795,3.3,food
ito en unsweetened green tea,835143001047,3.3,food
Smoked atlantic salmon,830859025271,16.489,food
guava nectar sun tropics,829354101870,7.689,food
mango nectar sun tropics,829354101542,7.689,food
Chobani mixed berry drink,818290011800,2.75,whiskey
chobani strawberry banana drink,818290011794,2.75,whiskey
rockstar 16oz,818094005777,3.85,food
rockstar diet 16oz,818094005753,3.85,food
rockstar fruit punch 16 oz,818094005746,3.85,food
Elysian 19.2oz,817904006898,6.05,beer
Elysian Space Dust 1pint 6 oz,817904000803,7.15,beer
NOS 16oz,815154020008,3.85,food
califia farms pumpkin spice oat,813636023264,5.489,food
califia farm cafe oat,813636022816,5.489,food
califia farms oat,813636021611,6.589,food
fairlife chocolate protein,811620022118,3.3,food
tates butter crunch,810291002306,8.789,wine
tates coconut crisp,810291001767,8.789,food
tates double chocolate chip,810291001064,8.789,food
tates walnut chocolate,810291001057,8.789,food
Tates oatmeal raisin,810291001026,8.789,food
tates white chocolate madacamia,810291001019,8.789,food
tates chocolate chip,810291001002,8.789,food
Ace Dry 24oz,798449005235,6.05,beer
smart water 33.8oz,786162338006,3.3,food
smart water 23.7oz,786162001511,3.025,food
peets coffee and cream,785357022874,5.489,pharmacy
peet's vanilla creme,785357022867,5.489,food
kerrygold pure irish butter,767707001067,7.689,pharmacy
Roltini singles mozzarella and spicy cooked salame,765171855520,4.389,dairy
Roltini singles mozzarella and prosciutto,765171855513,4.389,dairy
Deschutes royal fresh 24oz,763176360193,5.489,pharmacy
Juan J Rice Pudding,753016000105,2.75,unknown
thai kitchen coconut milk,737628079506,3.949,dairy
North coast rapsutin,727344003619,4.125,beer
racer 5 IPA 22oz,722130468085,8.789,beer
SKYY Vodka - 1.75L Bottle,721059017503,43.989,vodka
Michelina's mac and cheese,717854105156,3.289,dairy
Fresh and ready foods ham and cheese sandwhich,682906894695,7.689,dairy
fresh and ready foods turkey and cheese sandwhich,682906894688,7.689,dairy
fresh and ready foods tuna salad on wheat sandwhich,682906890536,6.589,food
voss 16.9oz,682430400102,2.2,food
essentia 20oz,657227001206,2.2,food
essentia 50.7oz,657227000506,4.4,food
essentia 33.8oz,657227000339,3.3,food
crystal geyser lime 18oz,654871180042,2.2,food
crystal geyser lemon 18oz,654871180028,2.2,food
crystal geyser original 18oz,654871180011,2.2,food
Sprouts pancake bites,646670518607,7.689,food
premier protein chocolate ,643843715344,4.389,food
Delicious stone 24oz,636251744662,5.489,beer
white claw straw berry 19oz,635985802150,5.489,beer
white claw mango 19oz,635985802136,5.489,beer
White Claw Variety pack 1,635985548904,31.35,beer
White Claw Black Cherry 24oz,635985260387,6.05,beer
Harder Lemonade,635985258759,4.125,food
fiji 1.5L,632565000036,4.95,food
fiji 1L,632565000029,3.85,food
fiji 500ml,632565000012,2.2,food
redbull 8oz,611269991000,3.85,food
redbull 12oz,611269818994,5.225,food
redbull diet 12oz,611269716467,5.225,food
redbull 16 oz,611269546019,6.325,food
rebull red edition watermelon 12oz,611269332827,5.225,food
redbull 12oz coconut berry,611269321210,5.225,food
redbull peac nectarine 12 oz,611269283105,5.225,food
redbull blue edition 8oz,611269235685,3.85,food
redbull 20oz,611269133448,7.689,food
redbull 12oz tropical,611269113570,5.225,food
redbull sugarfree 8oz,611269101713,3.85,food
redbull 12oz strawberry apricot,611269001303,5.225,food
redbull strawberry 8oz,611269001280,3.85,food
redbull dragonfruit 8oz,611269000979,3.85,food
bang star blast 16oz,610764863652,4.389,food
la colombe triple latte,604913000203,3.85,food
la colombe cofee vanilla latte,604913000197,3.85,food
la colombe mocha latte,604913000135,3.85,food
805 Cerveza 24oz,602755011036,5.225,beer
805 regular,602755006582,5.225,beer
muscle milk zero chocolate,180530000715,4.389,dairy
menage a trois limelight pinot grigio 187ml,99988071737,4.389,wine
"Burnett's Vodka, 1.75 L",96749200313,25.289,vodka
organic soy vanilla,96619998616,5.489,food
organic soy original,96619998609,4.389,vodka
Kirkland organic lemonade,96619833757,7.689,food
unsalted sweet cream butter kirkland,96619414000,8.789,pharmacy
salted sweet cream butter kirkland,96619411146,8.789,pharmacy
Beringer White Zinfandel 187ml,89819000999,6.05,wine
Beefater Gin England London Dry 1.75 Bottle,89540333472,49.489,vodka
Trumer Pils 19.2oz,88573440553,5.489,whiskey
"Johnnie Walker Black Label Blended Scotch Whisky, 1.75 L (80 Proof)",88076163171,87.989,whiskey
"Fireball Cinnamon Whiskey, 1.75 L",88004009281,43.989,whiskey
Sapporo reserve 24oz,87975726500,5.5,beer
Sapporo black 24oz,87975526506,5.5,beer
Sapporo 22oz,87975026501,5.5,beer
Sapporo premium beer,87975006305,7.15,beer
twisted tea Raspberry 24 oz,87692852315,6.05,food
Twisted tea original 24 oz,87692832317,6.05,food
twisted tea peach 24 oz,87692004905,6.05,food
The Famous Grouse - Finest Scotch Whisky 59.17 fl oz,87236400057,54.989,whiskey
Belvedere Vodka 1.75L,87116069732,76.989,vodka
"Seagram's 7 Crown American Blended Whiskey, 1.75 L (80 Proof)",87000700703,43.989,whiskey
Bulleit Bourbon Whiskey,87000004047,76.989,whiskey
bottega gold 187ml,86785260518,6.589,pharmacy
360 Original Vodka 1.75l,85592133718,43.989,vodka
imagine chicken broth,84253240017,5.489,vodka
Guinness 14.9oz,83820123609,4.389,beer
cook's brut 187ml,83804077768,5.489,wine
cook's extra dry 187ml,83804074507,5.489,wine
hazy 19.2oz,83783375503,5.489,beer
tullamore dew irish whiskey,83664872466,43.989,whiskey
ruffino prosecco rose 187ml,83085420253,7.689,wine
ruffino proseco D.O.C 187ml,83085420239,7.689,wine
White castle jalapeno cheese sliders,82988078264,8.789,dairy
naked blue machine,82592727152,6.05,food
naked green machine,82592720153,6.05,food
naked might mango,82592660152,6.05,food
naked strawberry banana big,82592194152,6.05,food
naked strawberry banana small,82592194107,3.575,food
naked tropical guava,82592011312,6.05,food
smirnoff ice mango,82000747246,7.15,vodka
Smirnoff Ice Green,82000729020,7.15,vodka
Smirnoff Original 24oz,82000725695,7.15,vodka
slane triple casked river boyne,81128002145,43.989,whiskey
Gilbeys Vodka 1.75 L Pet,80686125105,25.289,vodka
"Kessler's Blended Whiskey, 1.75 L",80686042129,32.989,whiskey
Modelo Chelada 24oz,80660957968,6.05,beer
Modelo especial 24oz,80660957210,4.95,beer
Corona Extra 24 oz,80660956435,5.5,beer
Corona Extra,80660956411,6.05,beer
"Bacardi Gold Rum, 1.75 L",80480025205,38.489,pharmacy
"Bacardi Superior White Rum, 1.75 L, PET Bottle",80480015206,38.489,whiskey
Grey Goose 4 Martini Glasses 2 Pitcher Stir 1 Stick And Box,80480006549,87.989,vodka
bundaberg guava,79373000375,4.389,food
bundaberg peach,79373000313,4.389,food
bundaberg diet ginger beer,79373000283,4.389,beer
bundaberg ginger beer,79373000139,4.389,beer
evian 1L,79298000078,3.575,food
evian 1.5L,79298000054,4.95,food
Steel reserve,78250003287,3.3,wine
Jimmy Dean Biscuit and sausage gravy,77900471506,6.589,food
barilla tri-color rotini,76808518290,4.389,food
barilla medium shells,76808517989,4.389,food
barilla cellentani,76808514377,4.389,food
barilla rigatoni,76808502947,4.389,food
barilla farfale,76808501087,4.389,beer
barilla rotini,76808280982,4.389,food
barilla penne,76808280739,4.389,food
barilla Ditalini,76808280456,4.389,food
barilla thin spaghetti,76808280098,4.389,food
snapple fruit punch 32oz,76183323724,4.389,food
snapple mango madness 32 oz,76183323649,4.389,food
snapple kiwi strawberry 32 oz,76183323632,4.389,food
snapple zero peach tea 32oz,76183323571,4.389,food
snapple peach tea 32 oz,76183323564,4.389,food
snapple mango tea 32oz,76183003961,4.389,food
Act II light butter,76150232493,2.2,dairy
Act II butter lovers,76150232486,2.2,dairy
Act II butter,76150232233,2.2,dairy
crystal geyser water 23.6oz,75140700028,1.65,food
crystal geyser water 16.9oz,75140005024,1.1,food
crystal geyser water 1.5L,75140005000,3.025,food
michelina's mac and cheese zap em,73369060312,3.289,dairy
la croic berry,73360747519,1.925,food
la croix lemon,73360377518,1.925,food
Columbus peppered salami,73007107171,8.789,food
Claude val sud de france,71570027100,16.489,wine
12 Pack eggs,71230021035,5.489,beer
el monterey three cheese quesadilla,71007608629,8.789,dairy
el monterey chicken quesadilla ,71007604058,8.789,food
el monterey cheese enchiladas,71007318108,8.789,dairy
Colver whip cream,70852992327,5.489,pharmacy
clover half and half small,70852375007,3.289,dairy
clover half and half big,70852373003,5.489,dairy
clover 2%,70852193007,3.85,dairy
clover vitamin d,70852103006,3.85,pharmacy
clover sonoma 1% low fat,70852010526,3.85,wine
Monster diet 16oz,70847811268,3.85,food
monster 16oz,70847811169,3.85,food
monster watermelon 16oz,70847037989,3.85,food
monster ultra gold 16oz,70847037804,3.85,pharmacy
momnstar peach 16oz,70847021520,3.85,food
monster zero ultra 16oz,70847012474,3.85,food
gatorade glacier freeze 32 oz,52000135190,3.85,food
gatorade lemon lime 32oz,52000135152,3.85,food
gatorade orange 32 oz,52000135145,3.85,food
gatorade fruit punch 28oz,52000135138,3.85,food
gatorade lime cucumber 32 oz,52000135084,3.85,food
gatorade cool blue 32 oz zero,52000047042,3.85,food
gatorade orange zero 28oz,52000042320,3.85,food
Prego italian sausage and garlic,51000129116,5.489,food
prego traditional,51000025494,5.489,wine
V8 vegeatable juice,51000012920,2.2,food
sunny D,50200500145,2.2,food
coffee mate coconut creme,50000886807,7.689,food
nestle rich milk chocolate,50000495900,4.389,dairy
coffee hazelnut,50000322909,7.689,food
coffee mate french vanilla,50000322756,7.689,food
coffee mate italian sweet creme,50000281428,7.689,food
pretzel crisps cheddar cheese,49508251668,5.489,dairy
pretzel crips everything,49508006206,5.489,food
pretzel crisps garlic parmesan,49508006107,5.489,food
pretzel crisps original,49508006008,5.489,food
power ade strawberry lemonade,49000079395,3.575,food
coke zero can,49000042566,1.925,food
dasani 16.9oz,49000027624,1.65,food
fanta pineapple can,49000014273,1.925,food
fanta can,49000014235,1.925,food
fresca grapefruit citrus can,49000002485,1.925,food
tropicana orange juice carton,48500201022,7.689,food
American spirit organic light,47995855253,17.6,pharmacy
American spirit organic blue,47995855246,17.6,pharmacy
American spirit ultra light,47995855239,17.6,pharmacy
American spirit medium,47995855215,17.6,pharmacy
American Spirit light ,47995855093,17.6,pharmacy
American spirit blue,47995855086,17.6,pharmacy
American spirit no filter ,47995200022,17.6,pharmacy
lunchables ham and cheddar,44700360002,4.389,food
lunchables turkey and american,44700103203,4.389,food
Cotto salami,44700009864,5.489,unknown
Gallo salame 7 oz,44500073171,8.789,food
Gallo Provolone Cheese and Italian dry salame,44500003307,7.689,dairy
Gallo italian dry salame 3 oz,44500003215,5.489,food
saborico strawberry,42743125510,2.475,food
amys bowls mac and 3 cheese,42272013203,10.989,dairy
amys bowls asian dumplings,42272012190,10.989,food
Amys bowls chili mac,42272010578,10.989,food
amys bowls 3 cheese and kale bake,42272010561,10.989,beer
amys chinese noodles and veggies,42272010059,10.989,food
amys thai pad,42272009244,10.989,food
Amy's bowls mushroom risotto,42272008339,10.989,food
AMys bowls broccoli and cheddar bake,42272008117,10.989,food
Amy's vegetable korma,42272002504,10.989,food
amys bowls pesto tortellini,42272001767,10.989,food
amys bowls tortilla casserole and black beans,42272001682,10.989,food
amys bowls ravioli,42272001651,10.989,food
amys bowls mexican casserole,42272001637,10.989,food
amys bowls country cheddar,42272001620,10.989,food
amys enchiladas,42272000814,10.989,food
Amy's enchilada cheese,42272000807,10.989,dairy
amys indian palak paneer,42272000593,10.989,food
Indian matter paneer,42272000586,10.989,food
amys macaroni and cheese,42272000302,10.989,dairy
langers mango nectar,41755000761,3.3,food
langers apple juice,41755000501,3.3,food
first street apple juice,41512085611,7.689,food
sanpellegrino aranciata,41508992688,2.2,food
sanpellegrino melograno,41508659376,2.2,food
sanpellegrino momenti,41508510509,2.2,food
sanpellegrino limonata,41508265089,2.2,food
sanpellegrino aranciata,41508235785,2.2,food
progresso bread crumbs italian,41196891010,4.389,wine
sabra roasted garlic hummus,40822011242,7.689,food
Asahi super dry 21oz,38766302144,7.15,beer
Pringles cheddar cheese 40g,38000845536,2.475,dairy
Pringles sour cream and onion 40g,38000845529,2.475,pharmacy
Pringles original 40g,38000845512,2.475,food
pringles scorchin cheddar 158g,38000245534,4.389,food
pringles bbq 158g,38000183713,4.389,food
pringles bbq 71g,38000183690,2.75,food
pringles scorchin chili and lime 158g,38000180606,4.389,food
pringles ranch 158g,38000138720,4.389,food
pringles pizza 158g,38000138638,4.389,food
pringles salt and vinegar 158g,38000138607,4.389,food
pringles cheddar cheese 158g,38000138577,4.389,dairy
pringles sour cream and onion 158g,38000138430,4.389,pharmacy
pringles original 158g,38000138416,4.389,food
Badia ground turmeric,33844002503,5.489,food
Badia adobo with pepper,33844001315,5.489,food
Pacifico Clara 24oz,33544950227,5.5,beer
Modelo Chelada Mango Chile 24oz,33544000267,6.05,beer
ocean spray cranberry 64oz,31200200075,7.689,food
ocean spray cranberry,31200009906,3.3,food
banquet chicken nuggets w/ mac and cheese,31000809218,5.489,dairy
banquet chicken strips meal,31000007355,5.489,food
tree top apple juice,28700109878,2.2,food
tostitos salsa con queso,28400070980,6.589,food
tostitos chunky salsa,28400055970,6.589,food
Merit light ,28200301727,17.6,pharmacy
Merit ultra light 100,28200301420,17.6,pharmacy
Merit light,28200300928,17.6,pharmacy
nesquick chocolate,28000772123,3.85,food
nesquick strawberry,28000515751,3.85,food
Darigold Two,26400700104,2.475,pharmacy
darigold whole,26400700081,2.475,pharmacy
silk almond unsweetened vanilla,25293004481,6.589,food
silk almond original,25293000988,6.589,food
simply raspberry lemonade 1.5L,25000044908,7.689,food
parrot guave juice,22652192025,3.85,food
parrot pink guava juice,22652192018,3.3,food
parrot coconut water,22652191448,3.3,food
marie callenders mac and cheese bowl,21131905545,8.789,dairy
marie calldenders country fried chicken and gravy,21131905330,8.789,food
marie callenders meat loaf and gravy,21131905323,8.789,food
Marie Callender's shepard pie,21131000325,7.689,food
marie callenders swedish meatballs,21131000288,8.789,food
signature cranberry raspberry,21130313372,7.689,food
signature cranberry grape,21130313235,7.689,food
kraft mac and cheese,21000028092,3.289,dairy
Celeste original pizza,19600046301,4.389,vodka
talking rain lemon lime,16571121235,2.2,food
talking rain can,16571121211,1.925,food
Bar S Bacon,15900070732,7.689,food
Bar S bacon box,15900060009,10.989,food
clamato 32 oz,14800513240,6.589,food
stouffers lasagna with meat and sauce,13800558121,9.889,food
stouffers sweedish meatballs,13800120090,6.589,food
stouffers spaghetti with meat sauce,13800120076,6.589,food
stouffers fettuccini alfredo,13800120069,6.589,food
stouffers roast turkey,13800101723,6.589,food
stouffers chicken parmesan,13800101716,6.589,food
stouffers chicken fettuccini alfredo,13800101150,6.589,food
Stouffer's salisbury steak,13800100702,6.589,food
Stouffers stuffed peppers,13800100672,9.889,food
la croix key lime,12993441081,1.925,food
la croix tangerine,12993441074,1.925,food
la croix pamplemousse,12993101619,1.925,food
Camel turkish silver,12300327909,16.5,pharmacy
pure leafe unsweetened black tea,12000173219,3.3,food
pure leaf sweat tea,12000173196,3.3,food
courtage brut rose 187ml,11699016746,8.789,wine
courtage brut 187ml,11699016050,8.789,wine
Chungs vegetable egg rolls,11251088037,8.789,food
Winston light 100,9056137,15.4,pharmacy
WInston light,9055934,15.4,pharmacy
Winston,9055730,15.4,pharmacy
Sutter Home Rose 187ml,8515522,6.05,wine
Sutter Home Pink Moscato 187ml,8509929,6.05,wine
Sutter Home Sweet Riesling 187ml,8501723,6.05,wine
Sutter Home Moscato 187ml,8501626,6.05,wine
Sutter Home White Zinfandel 187ml,8500928,6.05,wine
Sutter Home Sauvignon Blanc 187ml,8500724,6.05,wine
dr pepper diet can,7832309,1.925,food
dr pepper can,7831504,1.925,food
sunkist can,7828005,1.925,food
sunkist can,7827404,1.925,food
sunkist berry lemonade can,7821905,1.925,food
A&W root beer can,7818707,1.925,beer
squirt can,7818105,1.925,food
canada dry ginger ale can,7811403,1.925,beer
7up zero can,7807905,1.925,food
7up can,7803802,1.925,food
Mccormick onion salt,5265617,5.489,food
McCormick ground cinnamon,5243819,6.589,food
diet coke can,4965802,1.925,food
coke can,4963406,1.925,food
sprite can ,4913207,1.925,food
Old English,3462218,5.5,beer
Mickey's,3418518,5.5,beer
High Life,3400917,4.4,beer
virginia slims super slim,2877529,16.5,vodka
Virginia slims,2873329,16.5,vodka
Benson and Hedges deluxe,2872922,19.8,pharmacy
Bendson and Hedges luxury ,2872728,19.8,pharmacy
Benson and Hedges Premium,2872223,19.8,pharmacy
Capri Violet,2766021,19.8,pharmacy
Capri magenta,2723822,19.8,pharmacy
Capri magenta 120,2721620,19.8,pharmacy
Newport red 100,2665715,16.5,wine
Newport red,2665618,16.5,wine
simply orange,2502409,3.3,food
simply lemonade ,2502108,3.3,food
simply lemonade raspberry,2501808,3.3,food
diet pepsi can,1280504,1.925,food
brisk lemon,1275900,1.925,food
Kamel light ,1237732,16.5,pharmacy
mtn dew can,1208500,1.925,food
pepsi can,1201303,1.925,food
ant moore pinot noir,899361002521,16.489,wine
Budweiser Lager Bottle (40 oz),18200001260,6.6,beer
Stella Artois Belgian Ale Beer Bottle (22.4 oz),8615000057,7.15,beer
